test;method;order;time;dimension;num_vars;num_equations;basis_size;avr_memory;max_memory;mem_per_sec;crit1;crit2;mode;status
assur44;ginv;deglex;600,0390;8;8;8;;;;;;;clean;timeout
assur44;sympy;deglex;600,0300;8;8;8;;;;;;;clean;timeout
boon;ginv;deglex;0,1430;6;6;0;12,0000;;;;108,0000;32,0000;clean;ok
boon;sympy;deglex;0,0350;6;6;6;11,0000;;;;;;clean;ok
butcher8;ginv;deglex;44,0380;8;8;0;54,0000;;;;568,0000;1292,0000;clean;ok
butcher8;sympy;deglex;29,8800;8;8;8;54,0000;;;;;;clean;ok
butcher;ginv;deglex;9,8380;7;7;0;27,0000;;;;192,0000;360,0000;clean;ok
butcher;sympy;deglex;0,5700;7;7;7;26,0000;;;;;;clean;ok
camera1s;ginv;deglex;2,8400;6;6;0;26,0000;;;;177,0000;82,0000;clean;ok
camera1s;sympy;deglex;2,2170;6;6;6;31,0000;;;;;;clean;ok
caprasse;ginv;deglex;0,2470;4;4;0;26,0000;;;;65,0000;183,0000;clean;ok
caprasse;sympy;deglex;0,1020;4;4;4;27,0000;;;;;;clean;ok
cassou;ginv;deglex;3,6710;5;5;0;8,0000;;;;39,0000;155,0000;clean;ok
cassou;sympy;deglex;600,0210;5;5;4;;;;;;;clean;timeout
chandra4;ginv;deglex;0,0490;4;4;0;8,0000;;;;19,0000;7,0000;clean;ok
chandra4;sympy;deglex;0,0100;4;4;4;8,0000;;;;;;clean;ok
chandra5;ginv;deglex;0,2330;5;5;0;16,0000;;;;59,0000;42,0000;clean;ok
chandra5;sympy;deglex;0,0530;5;5;5;16,0000;;;;;;clean;ok
chandra6;ginv;deglex;1,6300;6;6;0;32,0000;;;;188,0000;237,0000;clean;ok
chandra6;sympy;deglex;0,4070;6;6;6;32,0000;;;;;;clean;ok
chemequs;ginv;deglex;2,1410;5;5;0;20,0000;;;;95,0000;72,0000;clean;ok
chemequs;sympy;deglex;10,6750;5;5;5;20,0000;;;;;;clean;ok
chemequ;ginv;deglex;1,0720;5;5;0;18,0000;;;;84,0000;56,0000;clean;ok
chemequ;sympy;deglex;0,3220;5;5;5;19,0000;;;;;;clean;ok
cohn2;ginv;deglex;15,8890;4;4;0;23,0000;;;;0,0000;413,0000;clean;ok
cohn2;sympy;deglex;10,8190;4;4;4;24,0000;;;;;;clean;ok
cpdm5;ginv;deglex;104,8830;5;5;0;77,0000;;;;339,0000;2430,0000;clean;ok
cpdm5;sympy;deglex;116,7950;5;5;5;90,0000;;;;;;clean;ok
cyclic5;ginv;deglex;0,6890;5;5;0;20,0000;;;;113,0000;378,0000;clean;ok
cyclic5;sympy;deglex;0,3560;5;5;5;30,0000;;;;;;clean;ok
cyclic6;ginv;deglex;96,2470;6;6;0;45,0000;;;;621,0000;4048,0000;clean;ok
cyclic6;sympy;deglex;355,8520;6;6;6;70,0000;;;;;;clean;ok
des18_3;ginv;deglex;19,2520;8;8;0;39,0000;;;;275,0000;365,0000;clean;ok
des18_3;sympy;deglex;10,6790;8;8;8;38,0000;;;;;;clean;ok
dessin1;ginv;deglex;24,5690;8;8;0;39,0000;;;;275,0000;360,0000;clean;ok
dessin1;sympy;deglex;18,0680;8;8;8;38,0000;;;;;;clean;ok
eco7;ginv;deglex;15,9970;7;7;0;32,0000;;;;286,0000;230,0000;clean;ok
eco7;sympy;deglex;1,5310;7;7;7;33,0000;;;;;;clean;ok
extcyc4;ginv;deglex;0,6360;5;5;0;24,0000;;;;120,0000;394,0000;clean;ok
extcyc4;sympy;deglex;0,3980;5;5;5;28,0000;;;;;;clean;ok
extcyc5;ginv;deglex;189,9050;6;6;0;102,0000;;;;738,0000;9014,0000;clean;ok
extcyc5;sympy;deglex;600,0160;6;6;6;;;;;;;clean;timeout
geneig;ginv;deglex;1,1570;6;6;0;16,0000;;;;94,0000;49,0000;clean;ok
geneig;sympy;deglex;0,4900;6;6;6;17,0000;;;;;;clean;ok
hcyclic5;ginv;deglex;0,4750;6;6;0;38,0000;;;;89,0000;511,0000;clean;ok
hcyclic5;sympy;deglex;0,4370;6;6;5;43,0000;;;;;;clean;ok
hcyclic6;ginv;deglex;26,5700;7;7;0;97,0000;;;;273,0000;4053,0000;clean;ok
hcyclic6;sympy;deglex;225,7830;7;7;6;162,0000;;;;;;clean;ok
hemmecke;ginv;deglex;0,0900;4;4;0;9,0000;;;;11,0000;14,0000;clean;ok
hemmecke;sympy;deglex;0,0150;4;4;3;9,0000;;;;;;clean;ok
hunecke;ginv;deglex;0,0110;5;5;0;9,0000;;;;1,0000;15,0000;clean;ok
hunecke;sympy;deglex;19,3970;5;5;8;104,0000;;;;;;clean;ok
issac97;ginv;deglex;0,2790;4;4;0;12,0000;;;;25,0000;15,0000;clean;ok
issac97;sympy;deglex;0,1340;4;4;4;15,0000;;;;;;clean;ok
katsura6;ginv;deglex;41,7680;7;7;0;41,0000;;;;280,0000;403,0000;clean;ok
katsura6;sympy;deglex;36,2700;7;7;7;64,0000;;;;;;clean;ok
kotsireas;ginv;deglex;600,0380;7;7;6;;;;;;;clean;timeout
kotsireas;sympy;deglex;600,0280;7;7;6;;;;;;;clean;timeout
liu;ginv;deglex;0,0740;6;6;0;12,0000;;;;19,0000;25,0000;clean;ok
liu;sympy;deglex;17,5340;6;6;4;68,0000;;;;;;clean;ok
lorentz;ginv;deglex;0,0540;4;4;0;12,0000;;;;27,0000;14,0000;clean;ok
lorentz;sympy;deglex;0,0160;4;4;4;12,0000;;;;;;clean;ok
noon5;ginv;deglex;35,4380;5;5;0;72,0000;;;;304,0000;1963,0000;clean;ok
noon5;sympy;deglex;5,4340;5;5;5;72,0000;;;;;;clean;ok
noon6;ginv;deglex;541,2570;6;6;0;187,0000;;;;1410,0000;15109,0000;clean;ok
noon6;sympy;deglex;84,4810;6;6;6;187,0000;;;;;;clean;ok
quadfor2;ginv;deglex;0,0030;5;5;0;4,0000;;;;8,0000;0,0000;clean;ok
quadfor2;sympy;deglex;0,0030;5;5;4;4,0000;;;;;;clean;ok
quadgrid;ginv;deglex;0,0550;6;6;0;8,0000;;;;22,0000;2,0000;clean;ok
quadgrid;sympy;deglex;0,0200;6;6;5;8,0000;;;;;;clean;ok
redcyc5;ginv;deglex;0,5610;6;6;0;10,0000;;;;93,0000;149,0000;clean;ok
redcyc5;sympy;deglex;0,1090;6;6;5;11,0000;;;;;;clean;ok
redcyc6;ginv;deglex;24,4250;7;7;0;21,0000;;;;384,0000;1726,0000;clean;ok
redcyc6;sympy;deglex;600,0250;7;7;6;;;;;;;clean;timeout
redeco7;ginv;deglex;1,6630;7;7;0;33,0000;;;;203,0000;227,0000;clean;ok
redeco7;sympy;deglex;0,5040;7;7;7;33,0000;;;;;;clean;ok
reimer4;ginv;deglex;9,9640;4;4;0;17,0000;;;;64,0000;305,0000;clean;ok
reimer4;sympy;deglex;0,3610;4;4;4;17,0000;;;;;;clean;ok
reimer5;ginv;deglex;100,6960;5;5;0;38,0000;;;;196,0000;1011,0000;clean;ok
reimer5;sympy;deglex;30,1960;5;5;5;52,0000;;;;;;clean;ok
solotarev;ginv;deglex;0,0170;4;4;0;9,0000;;;;18,0000;2,0000;clean;ok
solotarev;sympy;deglex;0,0070;4;4;4;9,0000;;;;;;clean;ok
sparse5;ginv;deglex;0,0030;5;5;0;5,0000;;;;10,0000;0,0000;clean;ok
sparse5;sympy;deglex;0,0050;5;5;5;5,0000;;;;;;clean;ok
tangents;ginv;deglex;3,3880;6;6;0;25,0000;;;;226,0000;116,0000;clean;ok
tangents;sympy;deglex;17,3640;6;6;6;32,0000;;;;;;clean;ok
uteshev_bikker;ginv;deglex;0,9650;4;4;0;17,0000;;;;36,0000;62,0000;clean;ok
uteshev_bikker;sympy;deglex;0,8480;4;4;4;21,0000;;;;;;clean;ok
vermeer;ginv;deglex;2,2270;5;5;0;20,0000;;;;55,0000;223,0000;clean;ok
vermeer;sympy;deglex;0,2770;5;5;4;20,0000;;;;;;clean;ok
