test;method;order;time;dimension;num_vars;basis_size;avr_memory;max_memory;mem_per_sec;crit1;crit2;mode;status
assur44;ginv;deglex;1101,7790;8;8;87,0000;;;;1919,0000;3352,0000;clean;ok
assur44;sympy;deglex;3600,0320;8;8;;;;;;;clean;timeout
benchmark_D1;ginv;deglex;87,6800;12;12;86,0000;;;;2479,0000;2185,0000;clean;ok
benchmark_D1;sympy;deglex;3600,0420;12;12;;;;;;;clean;timeout
benchmark_i1;ginv;deglex;1120,7290;10;10;118,0000;;;;3559,0000;3487,0000;clean;ok
benchmark_i1;sympy;deglex;3600,0360;10;10;;;;;;;clean;timeout
boon;ginv;deglex;0,1430;6;6;12,0000;;;;108,0000;32,0000;clean;ok
boon;sympy;deglex;0,0350;6;6;11,0000;;;;;;clean;ok
butcher8;ginv;deglex;44,0380;8;8;54,0000;;;;568,0000;1292,0000;clean;ok
butcher8;sympy;deglex;29,8800;8;8;54,0000;;;;;;clean;ok
butcher;ginv;deglex;9,8380;7;7;27,0000;;;;192,0000;360,0000;clean;ok
butcher;sympy;deglex;0,5700;7;7;26,0000;;;;;;clean;ok
camera1s;ginv;deglex;2,8400;6;6;26,0000;;;;177,0000;82,0000;clean;ok
camera1s;sympy;deglex;2,2170;6;6;31,0000;;;;;;clean;ok
caprasse;ginv;deglex;0,2470;4;4;26,0000;;;;65,0000;183,0000;clean;ok
caprasse;sympy;deglex;0,1020;4;4;27,0000;;;;;;clean;ok
cassou;ginv;deglex;3,6710;5;5;8,0000;;;;39,0000;155,0000;clean;ok
cassou;sympy;deglex;3600,0310;5;5;;;;;;;clean;timeout
chandra4;ginv;deglex;0,0490;4;4;8,0000;;;;19,0000;7,0000;clean;ok
chandra4;sympy;deglex;0,0100;4;4;8,0000;;;;;;clean;ok
chandra5;ginv;deglex;0,2330;5;5;16,0000;;;;59,0000;42,0000;clean;ok
chandra5;sympy;deglex;0,0530;5;5;16,0000;;;;;;clean;ok
chandra6;ginv;deglex;1,6300;6;6;32,0000;;;;188,0000;237,0000;clean;ok
chandra6;sympy;deglex;0,4070;6;6;32,0000;;;;;;clean;ok
chemequs;ginv;deglex;2,1410;5;5;20,0000;;;;95,0000;72,0000;clean;ok
chemequs;sympy;deglex;10,6750;5;5;20,0000;;;;;;clean;ok
chemequ;ginv;deglex;1,0720;5;5;18,0000;;;;84,0000;56,0000;clean;ok
chemequ;sympy;deglex;0,3220;5;5;19,0000;;;;;;clean;ok
chemkin;ginv;deglex;1648,4510;11;11;90,0000;;;;2134,0000;3518,0000;clean;ok
chemkin;sympy;deglex;3600,0290;11;11;;;;;;;clean;timeout
cohn2;ginv;deglex;15,8890;4;4;23,0000;;;;0,0000;413,0000;clean;ok
cohn2;sympy;deglex;10,8190;4;4;24,0000;;;;;;clean;ok
cohn3;ginv;deglex;578,6360;4;4;92,0000;;;;80,0000;7320,0000;clean;ok
cohn3;sympy;deglex;3600,0280;4;4;;;;;;;clean;timeout
comb3000s;ginv;deglex;0,3700;10;10;20,0000;;;;151,0000;17,0000;clean;ok
comb3000s;sympy;deglex;0,3060;10;10;20,0000;;;;;;clean;ok
comb3000;ginv;deglex;0,3510;10;10;20,0000;;;;151,0000;14,0000;clean;ok
comb3000;sympy;deglex;0,1030;10;10;20,0000;;;;;;clean;ok
conform1;ginv;deglex;0,0570;3;3;10,0000;;;;9,0000;31,0000;clean;ok
conform1;sympy;deglex;0,0190;3;3;10,0000;;;;;;clean;ok
cpdm5;ginv;deglex;104,8830;5;5;77,0000;;;;339,0000;2430,0000;clean;ok
cpdm5;sympy;deglex;116,7950;5;5;90,0000;;;;;;clean;ok
cyclic5;ginv;deglex;0,6890;5;5;20,0000;;;;113,0000;378,0000;clean;ok
cyclic5;sympy;deglex;0,3560;5;5;30,0000;;;;;;clean;ok
cyclic6;ginv;deglex;96,2470;6;6;45,0000;;;;621,0000;4048,0000;clean;ok
cyclic6;sympy;deglex;355,8520;6;6;70,0000;;;;;;clean;ok
d1;ginv;deglex;155,1610;12;12;86,0000;;;;2484,0000;2205,0000;clean;ok
d1;sympy;deglex;3600,0280;12;12;;;;;;;clean;timeout
des18_3;ginv;deglex;19,2520;8;8;39,0000;;;;275,0000;365,0000;clean;ok
des18_3;sympy;deglex;10,6790;8;8;38,0000;;;;;;clean;ok
des22_24;ginv;deglex;50,1570;10;10;45,0000;;;;501,0000;337,0000;clean;ok
des22_24;sympy;deglex;39,2350;10;10;54,0000;;;;;;clean;ok
dessin1;ginv;deglex;24,5690;8;8;39,0000;;;;275,0000;360,0000;clean;ok
dessin1;sympy;deglex;18,0680;8;8;38,0000;;;;;;clean;ok
dessin2;ginv;deglex;77,5340;10;10;46,0000;;;;558,0000;288,0000;clean;ok
dessin2;sympy;deglex;52,1320;10;10;51,0000;;;;;;clean;ok
dl;ginv;deglex;3600,0800;8;8;;;;;;;clean;timeout
dl;sympy;deglex;3600,0240;8;8;;;;;;;clean;timeout
eco10;ginv;deglex;3600,0560;10;10;;;;;;;clean;timeout
eco10;sympy;deglex;2417,6510;10;10;223,0000;;;;;;clean;ok
eco7;ginv;deglex;15,9970;7;7;32,0000;;;;286,0000;230,0000;clean;ok
eco7;sympy;deglex;1,5310;7;7;33,0000;;;;;;clean;ok
eco8;ginv;deglex;104,7260;8;8;59,0000;;;;793,0000;906,0000;clean;ok
eco8;sympy;deglex;16,7570;8;8;64,0000;;;;;;clean;ok
eco9;ginv;deglex;878,3470;9;9;106,0000;;;;2268,0000;3580,0000;clean;ok
eco9;sympy;deglex;173,6690;9;9;119,0000;;;;;;clean;ok
el44;ginv;deglex;1187,9800;9;9;46,0000;;;;1797,0000;3088,0000;clean;ok
el44;sympy;deglex;3600,0260;9;9;;;;;;;clean;timeout
extcyc4;ginv;deglex;0,6360;5;5;24,0000;;;;120,0000;394,0000;clean;ok
extcyc4;sympy;deglex;0,3980;5;5;28,0000;;;;;;clean;ok
extcyc5;ginv;deglex;189,9050;6;6;102,0000;;;;738,0000;9014,0000;clean;ok
extcyc5;sympy;deglex;950,3520;6;6;153,0000;;;;;;clean;ok
f633;ginv;deglex;10,4620;10;10;47,0000;;;;318,0000;567,0000;clean;ok
f633;sympy;deglex;3,7520;10;10;49,0000;;;;;;clean;ok
f744;ginv;deglex;1233,8890;12;12;87,0000;;;;3634,0000;3387,0000;clean;ok
f744;sympy;deglex;303,0940;12;12;94,0000;;;;;;clean;ok
fabrice24;ginv;deglex;369,8720;9;9;54,0000;;;;1257,0000;1024,0000;clean;ok
fabrice24;sympy;deglex;3600,0320;9;9;;;;;;;clean;timeout
filter9;ginv;deglex;378,3980;9;9;153,0000;;;;6411,0000;16461,0000;clean;ok
filter9;sympy;deglex;3600,0190;9;9;;;;;;;clean;timeout
geneig;ginv;deglex;1,1570;6;6;16,0000;;;;94,0000;49,0000;clean;ok
geneig;sympy;deglex;0,4900;6;6;17,0000;;;;;;clean;ok
hairer1;ginv;deglex;0,1030;8;8;12,0000;;;;42,0000;23,0000;clean;ok
hairer1;sympy;deglex;0,0410;8;8;12,0000;;;;;;clean;ok
hairer2;ginv;deglex;3600,0330;13;13;;;;;;;clean;timeout
hairer2;sympy;deglex;1241,5200;13;13;129,0000;;;;;;clean;ok
hairer3;ginv;deglex;3600,0510;14;14;;;;;;;clean;timeout
hairer3;sympy;deglex;3600,0320;14;14;;;;;;;clean;timeout
hcyclic5;ginv;deglex;0,4750;6;6;38,0000;;;;89,0000;511,0000;clean;ok
hcyclic5;sympy;deglex;0,4370;6;6;43,0000;;;;;;clean;ok
hcyclic6;ginv;deglex;26,5700;7;7;97,0000;;;;273,0000;4053,0000;clean;ok
hcyclic6;sympy;deglex;225,7830;7;7;162,0000;;;;;;clean;ok
heart;ginv;deglex;0,1790;8;8;9,0000;;;;75,0000;3,0000;clean;ok
heart;sympy;deglex;0,0550;8;8;9,0000;;;;;;clean;ok
hemmecke;ginv;deglex;0,0900;4;4;9,0000;;;;11,0000;14,0000;clean;ok
hemmecke;sympy;deglex;0,0150;4;4;9,0000;;;;;;clean;ok
hf744;ginv;deglex;1632,5970;13;13;204,0000;;;;1906,0000;17420,0000;clean;ok
hf744;sympy;deglex;491,9540;13;13;238,0000;;;;;;clean;ok
hietarinta1;ginv;deglex;380,0910;10;10;51,0000;;;;4161,0000;3606,0000;clean;ok
hietarinta1;sympy;deglex;3600,0930;10;10;;;;;;;clean;timeout
hunecke;ginv;deglex;0,0110;5;5;9,0000;;;;1,0000;15,0000;clean;ok
hunecke;sympy;deglex;19,3970;5;5;104,0000;;;;;;clean;ok
i1;ginv;deglex;1138,2500;12;12;118,0000;;;;3559,0000;3499,0000;clean;ok
i1;sympy;deglex;3600,0260;12;12;;;;;;;clean;timeout
ilias_k_3;ginv;deglex;3600,0950;8;8;;;;;;;clean;timeout
ilias_k_3;sympy;deglex;3600,0230;8;8;;;;;;;clean;timeout
issac97;ginv;deglex;0,2790;4;4;12,0000;;;;25,0000;15,0000;clean;ok
issac97;sympy;deglex;0,1340;4;4;15,0000;;;;;;clean;ok
jcf26;ginv;deglex;534,5070;34;34;79,0000;;;;3732,0000;1020,0000;clean;ok
jcf26;sympy;deglex;3600,1000;34;34;;;;;;;clean;timeout
katsura6;ginv;deglex;41,7680;7;7;41,0000;;;;280,0000;403,0000;clean;ok
katsura6;sympy;deglex;36,2700;7;7;64,0000;;;;;;clean;ok
katsura7;ginv;deglex;206,2400;8;8;74,0000;;;;719,0000;1670,0000;clean;ok
katsura7;sympy;deglex;293,3950;8;8;128,0000;;;;;;clean;ok
katsura8;ginv;deglex;1632,4800;9;9;143,0000;;;;2237,0000;7212,0000;clean;ok
katsura8;sympy;deglex;3600,0160;9;9;;;;;;;clean;timeout
katsura9;ginv;deglex;3600,0650;10;10;;;;;;;clean;timeout
katsura9;sympy;deglex;3600,0310;10;10;;;;;;;clean;timeout
kin1;ginv;deglex;116,8180;12;12;88,0000;;;;2022,0000;1734,0000;clean;ok
kin1;sympy;deglex;3600,0320;12;12;;;;;;;clean;timeout
kinema;ginv;deglex;64,1260;9;9;39,0000;;;;395,0000;312,0000;clean;ok
kinema;sympy;deglex;33,1590;9;9;46,0000;;;;;;clean;ok
kotsireas;ginv;deglex;978,1120;7;7;70,0000;;;;737,0000;2712,0000;clean;ok
kotsireas;sympy;deglex;3600,0270;7;7;;;;;;;clean;timeout
ku10;ginv;deglex;0,3500;10;10;10,0000;;;;795,0000;137,0000;clean;ok
ku10;sympy;deglex;0,1870;10;10;10,0000;;;;;;clean;ok
lanconelli;ginv;deglex;0,0090;11;11;5,0000;;;;7,0000;2,0000;clean;ok
lanconelli;sympy;deglex;0,0540;11;11;6,0000;;;;;;clean;ok
lichtblau;ginv;deglex;1,7980;3;3;16,0000;;;;4,0000;116,0000;clean;ok
lichtblau;sympy;deglex;1607,3070;3;3;18,0000;;;;;;clean;ok
liu;ginv;deglex;0,0740;6;6;12,0000;;;;19,0000;25,0000;clean;ok
liu;sympy;deglex;17,5340;6;6;68,0000;;;;;;clean;ok
lorentz;ginv;deglex;0,0540;4;4;12,0000;;;;27,0000;14,0000;clean;ok
lorentz;sympy;deglex;0,0160;4;4;12,0000;;;;;;clean;ok
matrix;ginv;deglex;19,3540;16;16;161,0000;;;;4951,0000;6576,0000;clean;ok
matrix;sympy;deglex;26,4710;16;16;134,0000;;;;;;clean;ok
mickey;ginv;deglex;0,0010;2;2;2,0000;;;;1,0000;0,0000;clean;ok
mickey;sympy;deglex;0,0020;2;2;2,0000;;;;;;clean;ok
morgenstern;ginv;deglex;0,5540;9;9;27,0000;;;;114,0000;147,0000;clean;ok
morgenstern;sympy;deglex;0,0950;9;9;18,0000;;;;;;clean;ok
noon5;ginv;deglex;35,4380;5;5;72,0000;;;;304,0000;1963,0000;clean;ok
noon5;sympy;deglex;5,4340;5;5;72,0000;;;;;;clean;ok
noon6;ginv;deglex;541,2570;6;6;187,0000;;;;1410,0000;15109,0000;clean;ok
noon6;sympy;deglex;84,4810;6;6;187,0000;;;;;;clean;ok
noon7;ginv;deglex;3600,0390;7;7;;;;;;;clean;timeout
noon7;sympy;deglex;2257,5000;7;7;495,0000;;;;;;clean;ok
pinchon1;ginv;deglex;3109,0030;29;29;108,0000;;;;4429,0000;2260,0000;clean;ok
pinchon1;sympy;deglex;3600,0850;29;29;;;;;;;clean;timeout
puma;ginv;deglex;0,1490;8;8;16,0000;;;;95,0000;5,0000;clean;ok
puma;sympy;deglex;0,0570;8;8;16,0000;;;;;;clean;ok
quadfor2;ginv;deglex;0,0030;5;5;4,0000;;;;8,0000;0,0000;clean;ok
quadfor2;sympy;deglex;0,0030;5;5;4,0000;;;;;;clean;ok
quadgrid;ginv;deglex;0,0550;6;6;8,0000;;;;22,0000;2,0000;clean;ok
quadgrid;sympy;deglex;0,0200;6;6;8,0000;;;;;;clean;ok
rabmo;ginv;deglex;15,1130;9;9;20,0000;;;;318,0000;69,0000;clean;ok
rabmo;sympy;deglex;329,0690;9;9;21,0000;;;;;;clean;ok
rbpl24;ginv;deglex;410,5820;9;9;54,0000;;;;1257,0000;1006,0000;clean;ok
rbpl24;sympy;deglex;3600,0310;9;9;;;;;;;clean;timeout
rbpl;ginv;deglex;1175,8280;8;8;126,0000;;;;1454,0000;7084,0000;clean;ok
rbpl;sympy;deglex;3600,0930;8;8;;;;;;;clean;timeout
redcyc5;ginv;deglex;0,5610;6;6;10,0000;;;;93,0000;149,0000;clean;ok
redcyc5;sympy;deglex;0,1090;6;6;11,0000;;;;;;clean;ok
redcyc6;ginv;deglex;24,4250;7;7;21,0000;;;;384,0000;1726,0000;clean;ok
redcyc6;sympy;deglex;3600,0260;7;7;;;;;;;clean;timeout
redeco10;ginv;deglex;2521,4470;10;10;257,0000;;;;7418,0000;24010,0000;clean;ok
redeco10;sympy;deglex;1812,6100;10;10;257,0000;;;;;;clean;ok
redeco11;ginv;deglex;3600,0450;11;11;;;;;;;clean;timeout
redeco11;sympy;deglex;3600,0280;11;11;;;;;;;clean;timeout
redeco7;ginv;deglex;1,6630;7;7;33,0000;;;;203,0000;227,0000;clean;ok
redeco7;sympy;deglex;0,5040;7;7;33,0000;;;;;;clean;ok
redeco8;ginv;deglex;71,4230;8;8;65,0000;;;;659,0000;1164,0000;clean;ok
redeco8;sympy;deglex;22,8730;8;8;65,0000;;;;;;clean;ok
redeco9;ginv;deglex;209,7270;9;9;129,0000;;;;2194,0000;5429,0000;clean;ok
redeco9;sympy;deglex;133,6110;9;9;129,0000;;;;;;clean;ok
reif;ginv;deglex;0,3000;16;16;1,0000;;;;302,0000;23,0000;clean;ok
reif;sympy;deglex;1,8440;16;16;1,0000;;;;;;clean;ok
reimer4;ginv;deglex;9,9640;4;4;17,0000;;;;64,0000;305,0000;clean;ok
reimer4;sympy;deglex;0,3610;4;4;17,0000;;;;;;clean;ok
reimer5;ginv;deglex;100,6960;5;5;38,0000;;;;196,0000;1011,0000;clean;ok
reimer5;sympy;deglex;30,1960;5;5;52,0000;;;;;;clean;ok
reimer6;ginv;deglex;3600,0380;6;6;;;;;;;clean;timeout
reimer6;sympy;deglex;3600,0330;6;6;;;;;;;clean;timeout
rose;ginv;deglex;0,5800;3;3;18,0000;;;;12,0000;110,0000;clean;ok
rose;sympy;deglex;0,1850;3;3;18,0000;;;;;;clean;ok
s9_1;ginv;deglex;0,1690;8;8;15,0000;;;;74,0000;8,0000;clean;ok
s9_1;sympy;deglex;0,0630;8;8;16,0000;;;;;;clean;ok
solotarev;ginv;deglex;0,0170;4;4;9,0000;;;;18,0000;2,0000;clean;ok
solotarev;sympy;deglex;0,0070;4;4;9,0000;;;;;;clean;ok
sparse5;ginv;deglex;0,0030;5;5;5,0000;;;;10,0000;0,0000;clean;ok
sparse5;sympy;deglex;0,0050;5;5;5,0000;;;;;;clean;ok
speer;ginv;deglex;83,0850;6;6;44,0000;;;;104,0000;1732,0000;clean;ok
speer;sympy;deglex;143,7140;6;6;69,0000;;;;;;clean;ok
tangents;ginv;deglex;3,3880;6;6;25,0000;;;;226,0000;116,0000;clean;ok
tangents;sympy;deglex;17,3640;6;6;32,0000;;;;;;clean;ok
test;ginv;deglex;0,0150;3;3;5,0000;;;;1,0000;4,0000;clean;ok
test;sympy;deglex;0,0070;3;3;5,0000;;;;;;clean;ok
uteshev_bikker;ginv;deglex;0,9650;4;4;17,0000;;;;36,0000;62,0000;clean;ok
uteshev_bikker;sympy;deglex;0,8480;4;4;21,0000;;;;;;clean;ok
vermeer;ginv;deglex;2,2270;5;5;20,0000;;;;55,0000;223,0000;clean;ok
vermeer;sympy;deglex;0,2770;5;5;20,0000;;;;;;clean;ok
